Name,SS,,,,,,,,,,,,,,,,,,,,,,,,,,,,,,,,,,,,,,,,,,,,,,,,,,,,,,,,,,,,,,,,,,,,,,,,,,,,,,,,,,,,,,,,,,,,,,,,,,,,
Common Name,,,,,,,,,,,,,,,,,,,,,,,,,,,,,,,,,,,,,,,,,,,,,,,,,,,,,,,,,,,,,,,,,,,,,,,,,,,,,,,,,,,,,,,,,,,,,,,,,,,,,
Species,,,,,,,,,,,,,,,,,,,,,,,,,,,,,,,,,,,,,,,,,,,,,,,,,,,,,,,,,,,,,,,,,,,,,,,,,,,,,,,,,,,,,,,,,,,,,,,,,,,,,
Region,,,,,,,,,,,,,,,,,,,,,,,,,,,,,,,,,,,,,,,,,,,,,,,,,,,,,,,,,,,,,,,,,,,,,,,,,,,,,,,,,,,,,,,,,,,,,,,,,,,,,
Year,1915,1916,1917,1918,1919,1920,1921,1922,1923,1924,1925,1926,1927,1928,1929,1930,1931,1932,1933,1934,1935,1936,1937,1938,1939,1940,1941,1942,1943,1944,1945,1946,1947,1948,1949,1950,1951,1952,1953,1954,1955,1956,1957,1958,1959,1960,1961,1962,1963,1964,1965,1966,1967,1968,1969,1970,1971,1972,1973,1974,1975,1976,1977,1978,1979,1980,1981,1982,1983,1984,1985,1986,1987,1988,1989,1990,1991,1992,1993,1994,1995,1996,1997,1998,1999,2000,2001,2002,2003,2004,2005,2006,2007,2008,2009,2010,2011,2012,2013,2014,2015
Catch,371,373,432,671,1151,931,1297,840,796,1356,1969,2167,2735,3277,3870,3659,2936,3027,2500,2554,2784,3584,3549,3649,3220,1923,1658,392,540,2939,3121,2513,2077,2502,1134,1405,2208,2268,2752,2103,2143,2025,1598,1206,1499,2221,1983,1742,3745,3707,3322,2769,2912,2355,3289,2667,2078,2472,2887,1862,2194,1611,1499,1282,1448,1460,1295,1545,1839,1867.9,1897.9,1922.6,2472.2,2554.9,2635.7,2194.6,2372.4,2269.8,1671.2,1785.7,1891.9,2090,2740,2790.2,3642,3494.8,2977.5,3256.1,3670.4,3591.4,3296.6,3017.4,3053.5,3446.9,2925.2,2990.1,2947.1,3294.1,2384.6,2836.3,3073.9
Abundance index,2.506835071,2.480790257,2.457436741,2.489547826,2.538403557,2.564665411,2.59268529,2.567562897,2.550275651,2.519076134,2.439530931,2.318151245,2.192702056,2.041468502,1.870831561,1.680932309,1.528439922,1.442578851,1.361177955,1.322121585,1.284888353,1.239505264,1.152949665,1.074841267,0.962577266,0.845112983,0.788513261,0.736015597,0.772490275,0.813317691,0.700449233,0.55784845,0.446042403,0.370783742,0.285086536,0.313847608,0.351365162,0.371604154,0.379367679,0.361421716,0.37388416,0.353145977,0.31396915,0.309327747,0.369090829,0.426077968,0.42519787,0.458374622,0.499454891,0.45939037,0.421024188,0.420557552,0.458463609,0.488232832,0.561776876,0.568166537,0.572855688,0.583294233,0.556279249,0.4990436,0.489466705,0.45551946,0.458057744,0.481503503,0.53423774,0.580340317,0.615175256,0.65793433,0.679626404,0.700448148,0.784374306,0.851378932,0.917168132,0.96002813,0.948068134,0.903884192,0.887497663,0.864304756,0.837855162,0.85794548,0.945490783,0.98718636,1.000749197,0.992828318,0.948033408,0.885148204,0.947714359,1.064099952,1.100957705,1.043702521,0.9519423,1.005316806,0.990180428,0.935935591,0.856066998,0.816877149,0.851292116,0.858885264,0.8994913,0.996370412,1.066066335
Recruitment,1.856215084,1.850984989,1.755363743,1.579835893,1.432242476,1.358710621,1.344420709,1.338076402,1.332998521,1.326562886,1.315846974,1.300850786,1.284399427,1.263479045,1.236397013,1.205844488,1.182866164,1.181502321,1.200894468,1.236762329,1.179602682,0.852542099,0.653146991,0.570658826,0.5489244,0.646760064,0.76903714,0.736962468,0.456060066,0.409495777,0.47891053,0.521881336,0.681818143,0.769536404,0.950178667,0.742953637,0.831305111,0.748488162,0.495630397,0.421417229,0.606876172,0.909720012,0.846928423,0.682183459,0.824565046,0.755855351,1.024635987,0.883928761,1.039406897,1.038810216,0.989949312,1.155333577,0.924691845,0.731933296,0.670201121,0.646102497,0.640324429,0.58056252,0.548216297,0.611842023,0.717880839,0.810019414,0.771302094,0.683839554,0.75120976,0.714653889,0.906596567,1.429064234,0.969692585,1.11548987,1.247399089,0.761676039,0.755502213,0.929800169,0.92234774,0.784015062,0.941928633,1.578204152,0.846185615,0.906158189,1.201253694,0.786493117,1.206057589,2.15083568,1.74310133,1.051675398,0.783132217,0.799059958,2.156163192,0.660581155,0.717953902,0.945319975,1.007673186,1.643431175,0.959792544,1.608604462,1.419754786,1.387314798,0.991891571,1.026669575,1.048643282
Duration t,101,,,,,,,,,,,,,,,,,,,,,,,,,,,,,,,,,,,,,,,,,,,,,,,,,,,,,,,,,,,,,,,,,,,,,,,,,,,,,,,,,,,,,,,,,,,,,,,,,,,,
Average catch over time t,2306.365347,,,,,,,,,,,,,,,,,,,,,,,,,,,,,,,,,,,,,,,,,,,,,,,,,,,,,,,,,,,,,,,,,,,,,,,,,,,,,,,,,,,,,,,,,,,,,,,,,,,,
Depletion over time t,0.425263851,,,,,,,,,,,,,,,,,,,,,,,,,,,,,,,,,,,,,,,,,,,,,,,,,,,,,,,,,,,,,,,,,,,,,,,,,,,,,,,,,,,,,,,,,,,,,,,,,,,,
M,0.27,,,,,,,,,,,,,,,,,,,,,,,,,,,,,,,,,,,,,,,,,,,,,,,,,,,,,,,,,,,,,,,,,,,,,,,,,,,,,,,,,,,,,,,,,,,,,,,,,,,,
FMSY/M,2.794196296,,,,,,,,,,,,,,,,,,,,,,,,,,,,,,,,,,,,,,,,,,,,,,,,,,,,,,,,,,,,,,,,,,,,,,,,,,,,,,,,,,,,,,,,,,,,,,,,,,,,
BMSY/B0,0.4,,,,,,,,,,,,,,,,,,,,,,,,,,,,,,,,,,,,,,,,,,,,,,,,,,,,,,,,,,,,,,,,,,,,,,,,,,,,,,,,,,,,,,,,,,,,,,,,,,,,
Length at 50% maturity,32.03244826,,,,,,,,,,,,,,,,,,,,,,,,,,,,,,,,,,,,,,,,,,,,,,,,,,,,,,,,,,,,,,,,,,,,,,,,,,,,,,,,,,,,,,,,,,,,,,,,,,,,
Length at 95% maturity,44.71266428,,,,,,,,,,,,,,,,,,,,,,,,,,,,,,,,,,,,,,,,,,,,,,,,,,,,,,,,,,,,,,,,,,,,,,,,,,,,,,,,,,,,,,,,,,,,,,,,,,,,
Mean length,NA,NA,NA,NA,NA,NA,NA,NA,NA,NA,NA,NA,NA,NA,NA,NA,NA,NA,NA,NA,NA,NA,NA,NA,NA,NA,NA,NA,NA,NA,35.72980884,37.56650928,36.68054922,36.76318641,35.71414676,34.50189556,33.75051505,34.84072288,35.57620304,35.48799775,35.62758204,36.27424198,37.50969544,36.94134464,36.29698134,36.41452769,37.26586003,36.62716415,37.41153353,36.40478418,36.39597291,36.24766717,36.54541913,NA,36.16232377,35.08757908,38.02541795,38.41075921,39.08775973,37.92469857,37.79168268,38.2597811,38.22386813,37.66989647,37.25034783,37.67693138,38.42830543,37.81976816,38.62669109,37.98912929,37.95677741,37.84887821,37.77028766,37.25280598,38.42969887,39.83339512,37.3343235,39.15517693,32.35715189,37.43927327,38.30044671,38.29762038,37.87235031,36.25079052,36.9299105,34.80970384,35.23877617,36.14855296,36.00322406,37.1446522,38.98865362,38.4496318,37.58664849,41.02443474,36.30756887,38.80217023,38.82339081,38.60122233,37.21341511,35.5823935,36.40307801
Mean length Lc,NA,NA,NA,NA,NA,NA,NA,NA,NA,NA,NA,NA,NA,NA,NA,NA,NA,NA,NA,NA,NA,NA,NA,NA,NA,NA,NA,NA,NA,NA,37.51523076,40.20159686,41.04215999,38.54917777,37.55281762,36.91237793,35.67114663,36.70393463,36.83190175,37.18195209,37.91557058,38.053927,39.35568029,38.972794,37.66342823,38.06185898,38.67187973,38.09732386,38.97047706,37.44872594,37.99950667,37.41013332,38.2438289,NA,36.57559136,36.87662966,38.74918268,39.83978281,39.59676958,39.56473808,39.55516506,39.95665542,39.29038904,38.68847679,38.44952321,39.1391995,40.88359702,39.63250538,40.57351647,39.9639453,38.31466305,40.32631885,39.7323164,37.98066229,39.74736786,41.56672866,40.35169768,45.07984617,36.28534857,38.92343296,40.62970305,41.09310263,40.47025922,40.71793268,42.7844728,38.64305877,38.89883439,43.49393917,40.51534146,40.79442762,45.76052088,41.18410914,40.39053112,46.88833038,42.07011909,42.02132474,42.92179293,42.60099509,39.74103344,38.04061289,39.79468692
Modal length,NA,NA,NA,NA,NA,NA,NA,NA,NA,NA,NA,NA,NA,NA,NA,NA,NA,NA,NA,NA,NA,NA,NA,NA,NA,NA,NA,NA,NA,NA,33,35,36,31,31,32,31,32,32,33,34,34,34,34,33,34,34,34,34,33,34,33,34,NA,33,35,34,35,33,35,35,35,34,34,34,34,36,35,35,35,32,36,35,33,34,36,37,41,27,33,36,37,36,36,38,33,33,39,34,35,41,34,35,40,38,35,36,36,33,32,34
Length at first capture,21.37792655,,,,,,,,,,,,,,,,,,,,,,,,,,,,,,,,,,,,,,,,,,,,,,,,,,,,,,,,,,,,,,,,,,,,,,,,,,,,,,,,,,,,,,,,,,,,,,,,,,,,
Length at full selection,50,,,,,,,,,,,,,,,,,,,,,,,,,,,,,,,,,,,,,,,,,,,,,,,,,,,,,,,,,,,,,,,,,,,,,,,,,,,,,,,,,,,,,,,,,,,,,,,,,,,,
Vulnerability at asymptotic length,,,,,,,,,,,,,,,,,,,,,,,,,,,,,,,,,,,,,,,,,,,,,,,,,,,,,,,,,,,,,,,,,,,,,,,,,,,,,,,,,,,,,,,,,,,,,,,,,,,,,
CAA,NA,,,,,,,,,,,,,,,,,,,,,,,,,,,,,,,,,,,,,,,,,,,,,,,,,,,,,,,,,,,,,,,,,,,,,,,,,,,,,,,,,,,,,,,,,,,,,,,,,,,,
Current stock depletion,0.428049974,,,,,,,,,,,,,,,,,,,,,,,,,,,,,,,,,,,,,,,,,,,,,,,,,,,,,,,,,,,,,,,,,,,,,,,,,,,,,,,,,,,,,,,,,,,,,,,,,,,,
Current stock abundance,NA,,,,,,,,,,,,,,,,,,,,,,,,,,,,,,,,,,,,,,,,,,,,,,,,,,,,,,,,,,,,,,,,,,,,,,,,,,,,,,,,,,,,,,,,,,,,,,,,,,,,
Current spawning stock abundance,9888.04,,,,,,,,,,,,,,,,,,,,,,,,,,,,,,,,,,,,,,,,,,,,,,,,,,,,,,,,,,,,,,,,,,,,,,,,,,,,,,,,,,,,,,,,,,,,,,,,,,,,
Von Bertalanffy K parameter,0.166621,,,,,,,,,,,,,,,,,,,,,,,,,,,,,,,,,,,,,,,,,,,,,,,,,,,,,,,,,,,,,,,,,,,,,,,,,,,,,,,,,,,,,,,,,,,,,,,,,,,,
Von Bertalanffy Linf parameter,56.006,,,,,,,,,,,,,,,,,,,,,,,,,,,,,,,,,,,,,,,,,,,,,,,,,,,,,,,,,,,,,,,,,,,,,,,,,,,,,,,,,,,,,,,,,,,,,,,,,,,,
Von Bertalanffy t0 parameter,-1.62875,,,,,,,,,,,,,,,,,,,,,,,,,,,,,,,,,,,,,,,,,,,,,,,,,,,,,,,,,,,,,,,,,,,,,,,,,,,,,,,,,,,,,,,,,,,,,,,,,,,,
CV of length-at-age,0.1,,,,,,,,,,,,,,,,,,,,,,,,,,,,,,,,,,,,,,,,,,,,,,,,,,,,,,,,,,,,,,,,,,,,,,,,,,,,,,,,,,,,,,,,,,,,,,,,,,,,
Length-weight parameter a,5.88E-06,,,,,,,,,,,,,,,,,,,,,,,,,,,,,,,,,,,,,,,,,,,,,,,,,,,,,,,,,,,,,,,,,,,,,,,,,,,,,,,,,,,,,,,,,,,,,,,,,,,,
Length-weight parameter b,3.31,,,,,,,,,,,,,,,,,,,,,,,,,,,,,,,,,,,,,,,,,,,,,,,,,,,,,,,,,,,,,,,,,,,,,,,,,,,,,,,,,,,,,,,,,,,,,,,,,,,,
Steepness,0.61031,,,,,,,,,,,,,,,,,,,,,,,,,,,,,,,,,,,,,,,,,,,,,,,,,,,,,,,,,,,,,,,,,,,,,,,,,,,,,,,,,,,,,,,,,,,,,,,,,,,,
sigmaR,0.4,,,,,,,,,,,,,,,,,,,,,,,,,,,,,,,,,,,,,,,,,,,,,,,,,,,,,,,,,,,,,,,,,,,,,,,,,,,,,,,,,,,,,,,,,,,,,,,,,,,,
CV Catch,0.5,,,,,,,,,,,,,,,,,,,,,,,,,,,,,,,,,,,,,,,,,,,,,,,,,,,,,,,,,,,,,,,,,,,,,,,,,,,,,,,,,,,,,,,,,,,,,,,,,,,,
CV Depletion over time t,0.25,,,,,,,,,,,,,,,,,,,,,,,,,,,,,,,,,,,,,,,,,,,,,,,,,,,,,,,,,,,,,,,,,,,,,,,,,,,,,,,,,,,,,,,,,,,,,,,,,,,,
CV Average catch over time t,0.2,,,,,,,,,,,,,,,,,,,,,,,,,,,,,,,,,,,,,,,,,,,,,,,,,,,,,,,,,,,,,,,,,,,,,,,,,,,,,,,,,,,,,,,,,,,,,,,,,,,,
CV Abundance index,0.1,,,,,,,,,,,,,,,,,,,,,,,,,,,,,,,,,,,,,,,,,,,,,,,,,,,,,,,,,,,,,,,,,,,,,,,,,,,,,,,,,,,,,,,,,,,,,,,,,,,,
CV M,0.2,,,,,,,,,,,,,,,,,,,,,,,,,,,,,,,,,,,,,,,,,,,,,,,,,,,,,,,,,,,,,,,,,,,,,,,,,,,,,,,,,,,,,,,,,,,,,,,,,,,,
CV FMSY/M,0.2,,,,,,,,,,,,,,,,,,,,,,,,,,,,,,,,,,,,,,,,,,,,,,,,,,,,,,,,,,,,,,,,,,,,,,,,,,,,,,,,,,,,,,,,,,,,,,,,,,,,
CV BMSY/B0,0.045,,,,,,,,,,,,,,,,,,,,,,,,,,,,,,,,,,,,,,,,,,,,,,,,,,,,,,,,,,,,,,,,,,,,,,,,,,,,,,,,,,,,,,,,,,,,,,,,,,,,
CV current stock depletion,0.25,,,,,,,,,,,,,,,,,,,,,,,,,,,,,,,,,,,,,,,,,,,,,,,,,,,,,,,,,,,,,,,,,,,,,,,,,,,,,,,,,,,,,,,,,,,,,,,,,,,,
CV current stock abundance,0.25,,,,,,,,,,,,,,,,,,,,,,,,,,,,,,,,,,,,,,,,,,,,,,,,,,,,,,,,,,,,,,,,,,,,,,,,,,,,,,,,,,,,,,,,,,,,,,,,,,,,
CV von B. K parameter,0.1,,,,,,,,,,,,,,,,,,,,,,,,,,,,,,,,,,,,,,,,,,,,,,,,,,,,,,,,,,,,,,,,,,,,,,,,,,,,,,,,,,,,,,,,,,,,,,,,,,,,
CV von B. Linf parameter,0.1,,,,,,,,,,,,,,,,,,,,,,,,,,,,,,,,,,,,,,,,,,,,,,,,,,,,,,,,,,,,,,,,,,,,,,,,,,,,,,,,,,,,,,,,,,,,,,,,,,,,
CV von B. t0 parameter,0.1,,,,,,,,,,,,,,,,,,,,,,,,,,,,,,,,,,,,,,,,,,,,,,,,,,,,,,,,,,,,,,,,,,,,,,,,,,,,,,,,,,,,,,,,,,,,,,,,,,,,
CV Length at 50% maturity,0.1,,,,,,,,,,,,,,,,,,,,,,,,,,,,,,,,,,,,,,,,,,,,,,,,,,,,,,,,,,,,,,,,,,,,,,,,,,,,,,,,,,,,,,,,,,,,,,,,,,,,
CV Length at first capture,0.2,,,,,,,,,,,,,,,,,,,,,,,,,,,,,,,,,,,,,,,,,,,,,,,,,,,,,,,,,,,,,,,,,,,,,,,,,,,,,,,,,,,,,,,,,,,,,,,,,,,,
CV Length at full selection,0.2,,,,,,,,,,,,,,,,,,,,,,,,,,,,,,,,,,,,,,,,,,,,,,,,,,,,,,,,,,,,,,,,,,,,,,,,,,,,,,,,,,,,,,,,,,,,,,,,,,,,
CV Length-weight parameter a,0.1,,,,,,,,,,,,,,,,,,,,,,,,,,,,,,,,,,,,,,,,,,,,,,,,,,,,,,,,,,,,,,,,,,,,,,,,,,,,,,,,,,,,,,,,,,,,,,,,,,,,
CV Length-weight parameter b,0.1,,,,,,,,,,,,,,,,,,,,,,,,,,,,,,,,,,,,,,,,,,,,,,,,,,,,,,,,,,,,,,,,,,,,,,,,,,,,,,,,,,,,,,,,,,,,,,,,,,,,
CV Steepness,0.1,,,,,,,,,,,,,,,,,,,,,,,,,,,,,,,,,,,,,,,,,,,,,,,,,,,,,,,,,,,,,,,,,,,,,,,,,,,,,,,,,,,,,,,,,,,,,,,,,,,,
Maximum age,21,,,,,,,,,,,,,,,,,,,,,,,,,,,,,,,,,,,,,,,,,,,,,,,,,,,,,,,,,,,,,,,,,,,,,,,,,,,,,,,,,,,,,,,,,,,,,,,,,,,,
CAL_bins,5,6,7,8,9,10,11,12,13,14,15,16,17,18,19,20,21,22,23,24,25,26,27,28,29,30,31,32,33,34,35,36,37,38,39,40,41,42,43,44,45,46,47,48,49,50,51,52,53,54,55,56,57,58,59,,,,,,,,,,,,,,,,,,,,,,,,,,,,,,,,,,,,,,,,,,,,,,
CAL 1915,0,0,0,0,0,0,0,0,0,0,0,0,0,0,0,0,0,0,0,0,0,0,0,0,0,0,0,0,0,0,0,0,0,0,0,0,0,0,0,0,0,0,0,0,0,0,0,0,0,0,0,0,0,0,,,,,,,,,,,,,,,,,,,,,,,,,,,,,,,,,,,,,,,,,,,,,,,
CAL 1916,0,0,0,0,0,0,0,0,0,0,0,0,0,0,0,0,0,0,0,0,0,0,0,0,0,0,0,0,0,0,0,0,0,0,0,0,0,0,0,0,0,0,0,0,0,0,0,0,0,0,0,0,0,0,,,,,,,,,,,,,,,,,,,,,,,,,,,,,,,,,,,,,,,,,,,,,,,
CAL 1917,0,0,0,0,0,0,0,0,0,0,0,0,0,0,0,0,0,0,0,0,0,0,0,0,0,0,0,0,0,0,0,0,0,0,0,0,0,0,0,0,0,0,0,0,0,0,0,0,0,0,0,0,0,0,,,,,,,,,,,,,,,,,,,,,,,,,,,,,,,,,,,,,,,,,,,,,,,
CAL 1918,0,0,0,0,0,0,0,0,0,0,0,0,0,0,0,0,0,0,0,0,0,0,0,0,0,0,0,0,0,0,0,0,0,0,0,0,0,0,0,0,0,0,0,0,0,0,0,0,0,0,0,0,0,0,,,,,,,,,,,,,,,,,,,,,,,,,,,,,,,,,,,,,,,,,,,,,,,
CAL 1919,0,0,0,0,0,0,0,0,0,0,0,0,0,0,0,0,0,0,0,0,0,0,0,0,0,0,0,0,0,0,0,0,0,0,0,0,0,0,0,0,0,0,0,0,0,0,0,0,0,0,0,0,0,0,,,,,,,,,,,,,,,,,,,,,,,,,,,,,,,,,,,,,,,,,,,,,,,
CAL 1920,0,0,0,0,0,0,0,0,0,0,0,0,0,0,0,0,0,0,0,0,0,0,0,0,0,0,0,0,0,0,0,0,0,0,0,0,0,0,0,0,0,0,0,0,0,0,0,0,0,0,0,0,0,0,,,,,,,,,,,,,,,,,,,,,,,,,,,,,,,,,,,,,,,,,,,,,,,
CAL 1921,0,0,0,0,0,0,0,0,0,0,0,0,0,0,0,0,0,0,0,0,0,0,0,0,0,0,0,0,0,0,0,0,0,0,0,0,0,0,0,0,0,0,0,0,0,0,0,0,0,0,0,0,0,0,,,,,,,,,,,,,,,,,,,,,,,,,,,,,,,,,,,,,,,,,,,,,,,
CAL 1922,0,0,0,0,0,0,0,0,0,0,0,0,0,0,0,0,0,0,0,0,0,0,0,0,0,0,0,0,0,0,0,0,0,0,0,0,0,0,0,0,0,0,0,0,0,0,0,0,0,0,0,0,0,0,,,,,,,,,,,,,,,,,,,,,,,,,,,,,,,,,,,,,,,,,,,,,,,
CAL 1923,0,0,0,0,0,0,0,0,0,0,0,0,0,0,0,0,0,0,0,0,0,0,0,0,0,0,0,0,0,0,0,0,0,0,0,0,0,0,0,0,0,0,0,0,0,0,0,0,0,0,0,0,0,0,,,,,,,,,,,,,,,,,,,,,,,,,,,,,,,,,,,,,,,,,,,,,,,
CAL 1924,0,0,0,0,0,0,0,0,0,0,0,0,0,0,0,0,0,0,0,0,0,0,0,0,0,0,0,0,0,0,0,0,0,0,0,0,0,0,0,0,0,0,0,0,0,0,0,0,0,0,0,0,0,0,,,,,,,,,,,,,,,,,,,,,,,,,,,,,,,,,,,,,,,,,,,,,,,
CAL 1925,0,0,0,0,0,0,0,0,0,0,0,0,0,0,0,0,0,0,0,0,0,0,0,0,0,0,0,0,0,0,0,0,0,0,0,0,0,0,0,0,0,0,0,0,0,0,0,0,0,0,0,0,0,0,,,,,,,,,,,,,,,,,,,,,,,,,,,,,,,,,,,,,,,,,,,,,,,
CAL 1926,0,0,0,0,0,0,0,0,0,0,0,0,0,0,0,0,0,0,0,0,0,0,0,0,0,0,0,0,0,0,0,0,0,0,0,0,0,0,0,0,0,0,0,0,0,0,0,0,0,0,0,0,0,0,,,,,,,,,,,,,,,,,,,,,,,,,,,,,,,,,,,,,,,,,,,,,,,
CAL 1927,0,0,0,0,0,0,0,0,0,0,0,0,0,0,0,0,0,0,0,0,0,0,0,0,0,0,0,0,0,0,0,0,0,0,0,0,0,0,0,0,0,0,0,0,0,0,0,0,0,0,0,0,0,0,,,,,,,,,,,,,,,,,,,,,,,,,,,,,,,,,,,,,,,,,,,,,,,
CAL 1928,0,0,0,0,0,0,0,0,0,0,0,0,0,0,0,0,0,0,0,0,0,0,0,0,0,0,0,0,0,0,0,0,0,0,0,0,0,0,0,0,0,0,0,0,0,0,0,0,0,0,0,0,0,0,,,,,,,,,,,,,,,,,,,,,,,,,,,,,,,,,,,,,,,,,,,,,,,
CAL 1929,0,0,0,0,0,0,0,0,0,0,0,0,0,0,0,0,0,0,0,0,0,0,0,0,0,0,0,0,0,0,0,0,0,0,0,0,0,0,0,0,0,0,0,0,0,0,0,0,0,0,0,0,0,0,,,,,,,,,,,,,,,,,,,,,,,,,,,,,,,,,,,,,,,,,,,,,,,
CAL 1930,0,0,0,0,0,0,0,0,0,0,0,0,0,0,0,0,0,0,0,0,0,0,0,0,0,0,0,0,0,0,0,0,0,0,0,0,0,0,0,0,0,0,0,0,0,0,0,0,0,0,0,0,0,0,,,,,,,,,,,,,,,,,,,,,,,,,,,,,,,,,,,,,,,,,,,,,,,
CAL 1931,0,0,0,0,0,0,0,0,0,0,0,0,0,0,0,0,0,0,0,0,0,0,0,0,0,0,0,0,0,0,0,0,0,0,0,0,0,0,0,0,0,0,0,0,0,0,0,0,0,0,0,0,0,0,,,,,,,,,,,,,,,,,,,,,,,,,,,,,,,,,,,,,,,,,,,,,,,
CAL 1932,0,0,0,0,0,0,0,0,0,0,0,0,0,0,0,0,0,0,0,0,0,0,0,0,0,0,0,0,0,0,0,0,0,0,0,0,0,0,0,0,0,0,0,0,0,0,0,0,0,0,0,0,0,0,,,,,,,,,,,,,,,,,,,,,,,,,,,,,,,,,,,,,,,,,,,,,,,
CAL 1933,0,0,0,0,0,0,0,0,0,0,0,0,0,0,0,0,0,0,0,0,0,0,0,0,0,0,0,0,0,0,0,0,0,0,0,0,0,0,0,0,0,0,0,0,0,0,0,0,0,0,0,0,0,0,,,,,,,,,,,,,,,,,,,,,,,,,,,,,,,,,,,,,,,,,,,,,,,
CAL 1934,0,0,0,0,0,0,0,0,0,0,0,0,0,0,0,0,0,0,0,0,0,0,0,0,0,0,0,0,0,0,0,0,0,0,0,0,0,0,0,0,0,0,0,0,0,0,0,0,0,0,0,0,0,0,,,,,,,,,,,,,,,,,,,,,,,,,,,,,,,,,,,,,,,,,,,,,,,
CAL 1935,0,0,0,0,0,0,0,0,0,0,0,0,0,0,0,0,0,0,0,0,0,0,0,0,0,0,0,0,0,0,0,0,0,0,0,0,0,0,0,0,0,0,0,0,0,0,0,0,0,0,0,0,0,0,,,,,,,,,,,,,,,,,,,,,,,,,,,,,,,,,,,,,,,,,,,,,,,
CAL 1936,0,0,0,0,0,0,0,0,0,0,0,0,0,0,0,0,0,0,0,0,0,0,0,0,0,0,0,0,0,0,0,0,0,0,0,0,0,0,0,0,0,0,0,0,0,0,0,0,0,0,0,0,0,0,,,,,,,,,,,,,,,,,,,,,,,,,,,,,,,,,,,,,,,,,,,,,,,
CAL 1937,0,0,0,0,0,0,0,0,0,0,0,0,0,0,0,0,0,0,0,0,0,0,0,0,0,0,0,0,0,0,0,0,0,0,0,0,0,0,0,0,0,0,0,0,0,0,0,0,0,0,0,0,0,0,,,,,,,,,,,,,,,,,,,,,,,,,,,,,,,,,,,,,,,,,,,,,,,
CAL 1938,0,0,0,0,0,0,0,0,0,0,0,0,0,0,0,0,0,0,0,0,0,0,0,0,0,0,0,0,0,0,0,0,0,0,0,0,0,0,0,0,0,0,0,0,0,0,0,0,0,0,0,0,0,0,,,,,,,,,,,,,,,,,,,,,,,,,,,,,,,,,,,,,,,,,,,,,,,
CAL 1939,0,0,0,0,0,0,0,0,0,0,0,0,0,0,0,0,0,0,0,0,0,0,0,0,0,0,0,0,0,0,0,0,0,0,0,0,0,0,0,0,0,0,0,0,0,0,0,0,0,0,0,0,0,0,,,,,,,,,,,,,,,,,,,,,,,,,,,,,,,,,,,,,,,,,,,,,,,
CAL 1940,0,0,0,0,0,0,0,0,0,0,0,0,0,0,0,0,0,0,0,0,0,0,0,0,0,0,0,0,0,0,0,0,0,0,0,0,0,0,0,0,0,0,0,0,0,0,0,0,0,0,0,0,0,0,,,,,,,,,,,,,,,,,,,,,,,,,,,,,,,,,,,,,,,,,,,,,,,
CAL 1941,0,0,0,0,0,0,0,0,0,0,0,0,0,0,0,0,0,0,0,0,0,0,0,0,0,0,0,0,0,0,0,0,0,0,0,0,0,0,0,0,0,0,0,0,0,0,0,0,0,0,0,0,0,0,,,,,,,,,,,,,,,,,,,,,,,,,,,,,,,,,,,,,,,,,,,,,,,
CAL 1942,0,0,0,0,0,0,0,0,0,0,0,0,0,0,0,0,0,0,0,0,0,0,0,0,0,0,0,0,0,0,0,0,0,0,0,0,0,0,0,0,0,0,0,0,0,0,0,0,0,0,0,0,0,0,,,,,,,,,,,,,,,,,,,,,,,,,,,,,,,,,,,,,,,,,,,,,,,
CAL 1943,0,0,0,0,0,0,0,0,0,0,0,0,0,0,0,0,0,0,0,0,0,0,0,0,0,0,0,0,0,0,0,0,0,0,0,0,0,0,0,0,0,0,0,0,0,0,0,0,0,0,0,0,0,0,,,,,,,,,,,,,,,,,,,,,,,,,,,,,,,,,,,,,,,,,,,,,,,
CAL 1944,0,0,0,0,0,0,0,0,0,0,0,0,0,0,0,0,0,0,0,0,0,0,0,0,0,0,0,0,0,0,0,0,0,0,0,0,0,0,0,0,0,0,0,0,0,0,0,0,0,0,0,0,0,0,,,,,,,,,,,,,,,,,,,,,,,,,,,,,,,,,,,,,,,,,,,,,,,
CAL 1945,0.006221914,0.006221914,0.006221914,0.006221914,0.006221914,0.006221914,0.006221914,0.006221914,0.006221914,0.006221914,0.006221914,0.006221914,0.006221914,0.006221914,0.006221914,0.006221914,0.006221914,0.017744661,0.042994108,0.126662828,0.1790673,0.288982855,0.39088812,0.800227145,1.561042072,2.59632726,3.943644186,5.564805551,6.330841497,6.233805935,6.001653403,5.334209216,4.626374345,3.846399747,2.915518455,2.576841165,1.953895041,1.503468847,1.166922646,0.914009542,0.802397813,0.552493519,0.517433415,0.34168468,0.307011586,0.271847265,0.206921792,0.151510161,0.134076705,0.095800608,0.059728183,0.033272623,0.023655074,0.03517843,,,,,,,,,,,,,,,,,,,,,,,,,,,,,,,,,,,,,,,,,,,,,,,
CAL 1946,0.006221914,0.006221914,0.006221914,0.006221914,0.006221914,0.006221914,0.006221914,0.006221914,0.006221914,0.006221914,0.006221914,0.006221914,0.006221914,0.006221914,0.006221914,0.006221914,0.006221914,0.014777667,0.027610491,0.069274054,0.151576422,0.263643563,0.377490447,0.5952982,1.019592569,1.548290079,2.39166317,3.457939457,4.609860562,5.001480921,5.257196246,5.110548091,4.747462759,4.52115063,3.858034087,3.337056555,2.861850208,2.301786373,1.927523325,1.694886207,1.344852156,1.097637559,0.957101783,0.833608546,0.707502639,0.568079733,0.44543447,0.333725982,0.332944225,0.248106958,0.159567382,0.09301888,0.091149366,0.09063706,,,,,,,,,,,,,,,,,,,,,,,,,,,,,,,,,,,,,,,,,,,,,,,
CAL 1947,0.006221914,0.006221914,0.006221914,0.006221914,0.006221914,0.006221914,0.006221914,0.006221914,0.006221914,0.006221914,0.006221914,0.006221914,0.006221914,0.006221914,0.006221914,0.006221914,0.00901305,0.01180475,0.01180475,0.107069793,0.387379581,1.010493007,1.763278026,2.110540909,2.133358452,2.369948826,2.883757919,3.304960794,3.697427217,3.929141089,4.261432786,4.367887938,4.326606422,3.949751213,3.658622311,3.252568867,2.86602134,2.165278203,1.889027421,1.409171888,1.122891096,0.909613584,0.838556366,0.674632725,0.54824662,0.49412915,0.368825897,0.372214625,0.353661376,0.262243368,0.186586794,0.164061826,0.108833681,0.174726825,,,,,,,,,,,,,,,,,,,,,,,,,,,,,,,,,,,,,,,,,,,,,,,
CAL 1948,0.006221914,0.006221914,0.006221914,0.006221914,0.006221914,0.006221914,0.006221914,0.006221914,0.006221914,0.006221914,0.006221914,0.006221914,0.006221914,0.006221914,0.006221914,0.006221914,0.006221914,0.012154577,0.044083883,0.11474005,0.202796831,0.402432465,0.875561784,1.964998238,3.264460383,4.287256569,4.322097903,4.193503122,3.622550618,3.301966043,3.220971589,3.167946116,3.130969215,2.835704746,3.028707708,2.764090113,2.723923134,2.574723301,2.35131484,1.987621219,1.7317479,1.337059893,1.041497101,0.822849254,0.74072668,0.522408415,0.487328792,0.334668146,0.271276592,0.229747746,0.225265815,0.10682009,0.10434563,0.099019254,,,,,,,,,,,,,,,,,,,,,,,,,,,,,,,,,,,,,,,,,,,,,,,
CAL 1949,0.006221914,0.006221914,0.006221914,0.006221914,0.006221914,0.006221914,0.006221914,0.006221914,0.006221914,0.006221914,0.006221914,0.006221914,0.006221914,0.006221914,0.006221914,0.006221914,0.006736722,0.011594177,0.033082598,0.079742011,0.228103109,0.548583555,1.094100769,2.087060342,3.669488752,5.110886572,5.91356338,5.562818862,4.537561009,4.024674018,3.177919232,2.889078716,2.804456221,2.460460632,2.175446474,2.015970903,1.79447305,1.791223293,1.573552361,1.62249387,1.45626333,1.32673753,1.030888749,0.891358784,0.618632961,0.496472428,0.408314377,0.315007849,0.212343591,0.165023714,0.119842188,0.09180651,0.049344595,0.060458063,,,,,,,,,,,,,,,,,,,,,,,,,,,,,,,,,,,,,,,,,,,,,,,
CAL 1950,0.006221914,0.006221914,0.006221914,0.006221914,0.006221914,0.006221914,0.006221914,0.006221914,0.006221914,0.006221914,0.006221914,0.006221914,0.006221914,0.006221914,0.006221914,0.006531603,0.006531603,0.013647277,0.016740912,0.04149849,0.201143588,0.604602708,1.461645589,2.828885267,3.958492549,4.773786038,5.795091709,6.949959126,6.048411626,5.512555826,4.49097783,3.464043997,2.721834455,2.216590044,1.481779708,1.227143721,1.086649692,1.010537954,0.818706897,0.871906628,0.816524746,0.742575506,0.764533992,0.634599514,0.500627948,0.401009893,0.319026072,0.202072676,0.158448708,0.09842859,0.073674502,0.049230205,0.043039702,0.048301123,,,,,,,,,,,,,,,,,,,,,,,,,,,,,,,,,,,,,,,,,,,,,,,
CAL 1951,0.006221914,0.006221914,0.006221914,0.006221914,0.006221914,0.006221914,0.006221914,0.006221914,0.006221914,0.006221914,0.006221914,0.006221914,0.006221914,0.006221914,0.006221914,0.006221914,0.011725,0.018310046,0.049549614,0.120731809,0.414148903,1.159349349,1.947041068,3.071200904,4.057561406,5.684281297,6.893893156,6.11017301,5.322849202,5.290743753,4.593579675,3.591932226,2.900932918,2.237984173,1.793681437,1.337075167,1.014847718,0.697776639,0.571583859,0.486010507,0.415137363,0.405044469,0.362412632,0.361763479,0.373511302,0.307306497,0.246078,0.215796417,0.122679268,0.093866298,0.075672984,0.04335124,0.031958971,0.024028972,,,,,,,,,,,,,,,,,,,,,,,,,,,,,,,,,,,,,,,,,,,,,,,
CAL 1952,0.006221914,0.006221914,0.006221914,0.006221914,0.006221914,0.006221914,0.006221914,0.006221914,0.006221914,0.006221914,0.006221914,0.006221914,0.006221914,0.006221914,0.006221914,0.006221914,0.006221914,0.006569351,0.010482861,0.030049184,0.079961638,0.225749285,0.662061128,1.691117676,2.812792748,4.815130709,6.132274951,6.753560648,6.329366218,6.101698664,4.817537556,4.275856949,3.40289982,2.807673904,2.148238945,1.720926292,1.245250472,1.03235268,0.855509858,0.668676812,0.619915989,0.463183467,0.456891767,0.429726581,0.406064648,0.362022159,0.288501129,0.232900918,0.198166326,0.124600168,0.094125458,0.059911145,0.032956668,0.054653786,,,,,,,,,,,,,,,,,,,,,,,,,,,,,,,,,,,,,,,,,,,,,,,
CAL 1953,0.006781126,0.006781126,0.006781126,0.006781126,0.006781126,0.006781126,0.006781126,0.006781126,0.006781126,0.006781126,0.006781126,0.006781126,0.006781126,0.006781126,0.006781126,0.006781126,0.006781126,0.006781126,0.006781126,0.006781126,0.010647209,0.059608798,0.100040393,0.547329901,1.432855655,3.481911847,7.027267928,7.988641351,7.773238031,7.075428481,5.763427558,4.692852506,3.660979941,3.45007135,2.712229131,2.157248909,1.707927674,1.424378722,1.204508527,1.084899602,0.864408568,0.682314885,0.579085496,0.482714017,0.449458013,0.325721706,0.304108585,0.259235162,0.201748286,0.191647645,0.124099368,0.091106168,0.074278735,0.05638954,,,,,,,,,,,,,,,,,,,,,,,,,,,,,,,,,,,,,,,,,,,,,,,
CAL 1954,0.006781126,0.006781126,0.006781126,0.006781126,0.006781126,0.006781126,0.006781126,0.006781126,0.006781126,0.006781126,0.006781126,0.006781126,0.006781126,0.006781126,0.006781126,0.006781126,0.006781126,0.006781126,0.006781126,0.009385668,0.019634292,0.029238911,0.059062153,0.199188759,0.800261537,2.723616702,6.009242749,8.90109203,9.144751111,8.489766045,6.627561971,4.862955539,3.885261885,2.874164917,2.296573459,1.934553531,1.612000374,1.239957397,1.228166049,0.906960719,0.785151964,0.558772769,0.566414534,0.400943944,0.339226406,0.316537032,0.330983594,0.243586652,0.215606122,0.145376769,0.082759203,0.07567238,0.02383698,0.110309301,,,,,,,,,,,,,,,,,,,,,,,,,,,,,,,,,,,,,,,,,,,,,,,
CAL 1955,0.006781126,0.006781126,0.006781126,0.006781126,0.006781126,0.006781126,0.006781126,0.006781126,0.006781126,0.006781126,0.006781126,0.006781126,0.006781126,0.006781126,0.006781126,0.006781126,0.006781126,0.006781126,0.020902635,0.006781126,0.018145032,0.018297347,0.060836441,0.330960422,0.96303433,2.621230445,4.740862377,7.657385356,8.297469326,8.800062875,6.59474329,5.638022525,4.864794607,3.535024255,2.798337743,2.459421537,1.615504737,1.233968002,1.13630242,0.980744601,0.725113918,0.523790644,0.579043947,0.368222079,0.351792628,0.248929293,0.206230632,0.166000326,0.135136815,0.097671318,0.074950758,0.078186609,0.041177423,0.066351673,,,,,,,,,,,,,,,,,,,,,,,,,,,,,,,,,,,,,,,,,,,,,,,
CAL 1956,0.006221914,0.006221914,0.006221914,0.006221914,0.006221914,0.006221914,0.006221914,0.006221914,0.006221914,0.006221914,0.006221914,0.006221914,0.006221914,0.006221914,0.006221914,0.006221914,0.006221914,0.006221914,0.006221914,0.006221914,0.01002782,0.017640191,0.044282635,0.097568149,0.5591841,1.685785149,3.541511558,5.332533558,6.070331248,6.907616899,6.730317845,6.270809,5.227321131,4.201894894,3.672220414,2.667014158,2.160297266,1.757418158,1.408848725,0.747272068,0.728184788,0.495501974,0.495501974,0.371548936,0.266626255,0.231291725,0.199764002,0.184539602,0.097568149,0.067119349,0.069277968,0.051895006,0.036670833,0.025252562,,,,,,,,,,,,,,,,,,,,,,,,,,,,,,,,,,,,,,,,,,,,,,,
CAL 1957,0.006082111,0.006082111,0.006082111,0.006082111,0.006082111,0.006082111,0.006082111,0.006082111,0.006082111,0.006082111,0.006082111,0.006082111,0.006082111,0.006082111,0.006082111,0.006082111,0.006082111,0.006082111,0.006082111,0.006082111,0.006082111,0.017198018,0.013492319,0.065365501,0.458120407,1.399246919,2.86651904,4.676692667,5.104822587,5.507007934,5.140189904,4.910809819,4.685135638,4.133395924,3.349910587,2.827815783,2.6189891,2.600463167,2.12111575,2.085431978,1.474724174,1.096449519,0.922646812,0.683143488,0.616449559,0.423434384,0.306548407,0.185956948,0.344286387,0.184276109,0.072776443,0.043134324,0.028313293,0.057955128,,,,,,,,,,,,,,,,,,,,,,,,,,,,,,,,,,,,,,,,,,,,,,,
CAL 1958,0.006079315,0.006079315,0.006079315,0.006079315,0.006079315,0.006079315,0.006079315,0.006079315,0.006079315,0.006079315,0.006079315,0.006079315,0.006079315,0.006079315,0.006079315,0.006079315,0.006079315,0.006079315,0.006079315,0.006079315,0.009354038,0.009354038,0.0159041,0.045378438,0.268074217,1.34225439,3.513540436,5.961685941,6.018896767,6.34709698,5.854109508,5.050230422,4.273824696,3.704477834,3.165871437,2.500814881,2.073558072,1.733456405,1.556118626,1.53393146,1.15833551,1.117521468,0.886268992,0.673642102,0.581696731,0.399567013,0.281668863,0.217436852,0.214409497,0.148662599,0.071578059,0.098025018,0.056964297,0.11616102,,,,,,,,,,,,,,,,,,,,,,,,,,,,,,,,,,,,,,,,,,,,,,,
CAL 1959,0.005662701,0.005662701,0.005662701,0.005662701,0.005662701,0.005662701,0.005662701,0.005662701,0.005662701,0.005662701,0.005662701,0.005662701,0.005662701,0.005662701,0.005662701,0.005662701,0.005662701,0.005662701,0.005662701,0.005662701,0.008444785,0.014008942,0.030701468,0.116947372,0.35899034,1.502433819,3.67247873,6.065108117,6.888584136,6.563099318,5.308357339,4.579446701,3.769856592,3.199520881,2.637537212,2.231350151,1.84741812,1.516348195,1.279866424,0.976619558,0.83194762,0.751268149,0.556519828,0.506441737,0.403504388,0.308912249,0.261617033,0.203192594,0.158678546,0.072433324,0.07521563,0.061305239,0.02791939,0.033483546,,,,,,,,,,,,,,,,,,,,,,,,,,,,,,,,,,,,,,,,,,,,,,,
CAL 1960,0.005662701,0.005662701,0.005662701,0.005662701,0.005662701,0.005662701,0.005662701,0.005662701,0.005662701,0.005662701,0.005662701,0.005662701,0.005662701,0.005662701,0.005662701,0.005662701,0.005662701,0.005662701,0.005662701,0.005662701,0.005662701,0.010133412,0.01236848,0.034720297,0.112953537,0.56893801,2.240880701,5.504297264,7.039911518,7.489168243,6.262038672,5.473006997,4.393396004,3.642361279,2.737101293,2.200646292,1.791601203,1.53678707,1.26855957,0.969041802,0.725403578,0.580111072,0.492940693,0.372238033,0.35659233,0.256007444,0.24930133,0.173304013,0.110717785,0.097306695,0.039191002,0.019074253,0.023544389,0.030250162,,,,,,,,,,,,,,,,,,,,,,,,,,,,,,,,,,,,,,,,,,,,,,,
CAL 1961,0.005662701,0.005662701,0.005662701,0.005662701,0.005662701,0.005662701,0.005662701,0.005662701,0.005662701,0.005662701,0.005662701,0.005662701,0.005662701,0.005662701,0.005662701,0.005662701,0.005662701,0.005662701,0.005662701,0.005662701,0.005662701,0.005662701,0.01174387,0.014784765,0.072558007,0.358384575,1.413510479,4.390355792,5.80429896,6.853342733,5.959383907,5.509335816,4.253523501,3.709240239,3.186238459,2.854804164,2.471674886,2.027729991,1.793593851,1.273637976,1.091191125,0.787124426,0.635091077,0.531704528,0.400954368,0.367506348,0.282366762,0.191145613,0.175941709,0.121209362,0.093842904,0.054313777,0.048232614,0.069517795,,,,,,,,,,,,,,,,,,,,,,,,,,,,,,,,,,,,,,,,,,,,,,,
CAL 1962,0.005662701,0.005662701,0.005662701,0.005662701,0.005662701,0.005662701,0.005662701,0.005662701,0.005662701,0.005662701,0.005662701,0.005662701,0.005662701,0.005662701,0.005662701,0.005662701,0.005662701,0.005662701,0.005662701,0.005662701,0.005662701,0.005662701,0.005662701,0.016845391,0.097921,0.562007581,1.9207191,4.789113123,6.351935563,7.126335509,6.427371523,6.108661709,5.177719336,3.905669786,3.268250157,2.144379605,1.671905685,1.316849971,1.207817965,0.975771259,0.732548644,0.55921218,0.539642669,0.363513081,0.32157752,0.260071877,0.232114456,0.128673821,0.137060592,0.167813413,0.089534229,0.07555495,0.072759549,0.053189753,,,,,,,,,,,,,,,,,,,,,,,,,,,,,,,,,,,,,,,,,,,,,,,
CAL 1963,0.005662701,0.005662701,0.005662701,0.005662701,0.005662701,0.005662701,0.005662701,0.005662701,0.005662701,0.005662701,0.005662701,0.005662701,0.005662701,0.005662701,0.005662701,0.005662701,0.005662701,0.005662701,0.005662701,0.005662701,0.005662701,0.012746172,0.012746172,0.030455689,0.140252814,0.692781084,1.978471733,4.262962959,5.385723321,6.43767636,5.630113058,4.857990425,4.542764898,3.731683149,3.288950923,2.963101736,2.4459925,2.038683862,1.510945272,1.231143334,1.096548501,0.784869888,0.692781084,0.61131594,0.501521035,0.444851834,0.28901025,0.28546846,0.260675934,0.196922015,0.168587699,0.115459718,0.090667192,0.080041824,,,,,,,,,,,,,,,,,,,,,,,,,,,,,,,,,,,,,,,,,,,,,,,
CAL 1964,0.005662701,0.005662701,0.005662701,0.005662701,0.005662701,0.005662701,0.005662701,0.005662701,0.005662701,0.005662701,0.005662701,0.005662701,0.005662701,0.005662701,0.005662701,0.005662701,0.005662701,0.005662701,0.005662701,0.005662701,0.005662701,0.005662701,0.005662701,0.015163026,0.141830991,0.715001955,2.358526639,6.380231165,7.865437118,7.855929341,5.949591466,4.771555048,3.641040438,2.982367795,2.409191138,1.908854305,1.636516256,1.443348959,1.234342957,1.0126751,0.971506992,0.699168944,0.569333693,0.395167718,0.420501106,0.357166782,0.224165499,0.252665489,0.214665122,0.132331184,0.097496851,0.056329711,0.040496244,0.049996563,,,,,,,,,,,,,,,,,,,,,,,,,,,,,,,,,,,,,,,,,,,,,,,
CAL 1965,0.006711945,0.006711945,0.006711945,0.006711945,0.006711945,0.006711945,0.006711945,0.006711945,0.006711945,0.006711945,0.006711945,0.006711945,0.006711945,0.006711945,0.006711945,0.006711945,0.006711945,0.006711945,0.006711945,0.006711945,0.006711945,0.006711945,0.006711945,0.010615698,0.066000055,0.338759844,1.900181339,7.154504129,9.036791514,9.288402971,7.645680776,6.90185198,5.708149039,4.253853526,3.237068699,2.325318819,1.548251477,1.4392084,0.976657775,0.869338225,0.786648021,0.645640579,0.524131441,0.455353388,0.362636214,0.403872802,0.297503063,0.265302785,0.25579216,0.220400532,0.136503378,0.125762806,0.064533625,0.082823199,,,,,,,,,,,,,,,,,,,,,,,,,,,,,,,,,,,,,,,,,,,,,,,
CAL 1966,0.006711945,0.006711945,0.006711945,0.006711945,0.006711945,0.006711945,0.006711945,0.006711945,0.006711945,0.006711945,0.006711945,0.006711945,0.006711945,0.006711945,0.006711945,0.006711945,0.006711945,0.006711945,0.006711945,0.006711945,0.006711945,0.006711945,0.006711945,0.028566084,0.175219861,1.093428864,3.561064611,7.84980092,8.698636894,7.863210477,6.823913228,5.565826357,5.093056735,3.967661052,3.253282386,2.895175926,2.37383864,1.848721588,1.179264633,0.994324778,0.751221357,0.544425812,0.528104131,0.419538274,0.364170118,0.333929724,0.248066347,0.186570194,0.198682879,0.143116277,0.114175631,0.069563315,0.093026376,0.06795449,,,,,,,,,,,,,,,,,,,,,,,,,,,,,,,,,,,,,,,,,,,,,,,
CAL 1967,0.006711945,0.006711945,0.006711945,0.006711945,0.006711945,0.006711945,0.006711945,0.006711945,0.006711945,0.006711945,0.006711945,0.006711945,0.006711945,0.006711945,0.006711945,0.006711945,0.006711945,0.006711945,0.006711945,0.006711945,0.006711945,0.006711945,0.006711945,0.03375648,0.172535097,0.559874024,2.890130756,6.370303703,8.373879824,8.576152619,8.122808288,5.958695679,4.94131857,4.214531466,3.106256835,2.730853978,2.101372565,1.813317877,1.467263671,1.312651474,0.820693206,0.67924785,0.609866037,0.45098223,0.341026417,0.260782537,0.301706506,0.303309995,0.196022154,0.168088335,0.162038189,0.071297507,0.106170656,0.110617418,,,,,,,,,,,,,,,,,,,,,,,,,,,,,,,,,,,,,,,,,,,,,,,
CAL 1968,0,0,0,0,0,0,0,0,0,0,0,0,0,0,0,0,0,0,0,0,0,0,0,0,0,0,0,0,0,0,0,0,0,0,0,0,0,0,0,0,0,0,0,0,0,0,0,0,0,0,0,0,0,0,,,,,,,,,,,,,,,,,,,,,,,,,,,,,,,,,,,,,,,,,,,,,,,
CAL 1969,0.000524623,0.000524623,0.000524623,0.000524623,0.000524623,0.000524623,0.000524623,0.000524623,0.000524623,0.000524623,0.000524623,0.000524623,0.000524623,0.000524623,0.000524623,0.000524623,0.000524623,0.000524623,0.000524623,0.000524623,0.000524623,0.000524623,0.000524623,0.000524623,0.000524623,0.055172953,0.055172953,0.273766015,0.820246826,0.656302952,0.656302952,0.437710417,0.820246826,0.49235855,0.383062283,0.16446922,0.000524623,0.16446922,0.219117354,0.000524623,0.000524623,0.000524623,0.000524623,0.000524623,0.000524623,0.000524623,0.000524623,0.000524623,0.000524623,0.055172953,0.000524623,0.000524623,0.000524623,0.000524623,,,,,,,,,,,,,,,,,,,,,,,,,,,,,,,,,,,,,,,,,,,,,,,
CAL 1970,0.000996787,0.000996787,0.000996787,0.000996787,0.000996787,0.000996787,0.000996787,0.000996787,0.000996787,0.000996787,0.000996787,0.000996787,0.000996787,0.000996787,0.000996787,0.000996787,0.000996787,0.000996787,0.000996787,0.000996787,0.000996787,0.000996787,0.054300878,0.160909417,0.160909417,0.320821676,0.480733934,0.693950612,0.747255032,1.013775129,1.973252687,1.706725575,1.226996818,0.480733934,0.267517255,0.160909417,0.214212835,0.107604997,0.054300878,0.000996787,0.000996787,0.160909417,0.000996787,0.000996787,0.000996787,0.000996787,0.000996787,0.000996787,0.000996787,0.000996787,0.000996787,0.000996787,0.000996787,0.000996787,,,,,,,,,,,,,,,,,,,,,,,,,,,,,,,,,,,,,,,,,,,,,,,
CAL 1971,0.003200199,0.003200199,0.003200199,0.003200199,0.003200199,0.003200199,0.003200199,0.003200199,0.003200199,0.003200199,0.003200199,0.003200199,0.003200199,0.003200199,0.003200199,0.003200199,0.003200199,0.003200199,0.003200199,0.003200199,0.003200199,0.003200199,0.003200199,0.003200199,0.003200199,0.055662404,0.003200199,0.790132651,2.731238335,3.623107704,3.570630605,2.468926843,3.30830946,2.416465832,3.255864536,2.573852083,1.05244736,1.629531356,0.73767164,0.790132651,0.94752212,0.685210628,0.370434907,0.370434907,0.213049299,0.213049299,0.055662404,0.108124702,0.055662404,0.003200199,0.055662404,0.003200199,0.003200199,0.003200199,,,,,,,,,,,,,,,,,,,,,,,,,,,,,,,,,,,,,,,,,,,,,,,
CAL 1972,0.006400408,0.006400408,0.006400408,0.006400408,0.006400408,0.006400408,0.006400408,0.006400408,0.006400408,0.006400408,0.006400408,0.006400408,0.006400408,0.006400408,0.006400408,0.006400408,0.006400408,0.006400408,0.006400408,0.006400408,0.006400408,0.006400408,0.006400408,0.006400408,0.006400408,0.006400408,0.215735587,1.733413609,4.821098829,6.809807003,7.490112031,7.176085495,7.019136577,5.292100023,4.297762024,2.675415997,2.152079192,1.785742785,2.099750016,2.099750016,1.576413211,1.000740795,1.105405582,1.367077202,1.000740795,0.320402304,0.582070707,0.320402304,0.372735985,0.215735587,0.268068624,0.058733966,0.163401263,0.163401263,,,,,,,,,,,,,,,,,,,,,,,,,,,,,,,,,,,,,,,,,,,,,,,
CAL 1973,0.002308345,0.002308345,0.002308345,0.002308345,0.002308345,0.002308345,0.002308345,0.002308345,0.002308345,0.002308345,0.002308345,0.002308345,0.002308345,0.002308345,0.002308345,0.002308345,0.002308345,0.002308345,0.002308345,0.002308345,0.002308345,0.002308345,0.002308345,0.002308345,0.002308345,0.05537383,0.267635809,1.010550298,2.44332556,1.382007543,1.753467108,1.275876902,1.488140505,1.806532429,2.44332556,1.16974626,1.541205826,1.328942222,0.957484978,0.639093054,0.745223695,0.479897092,0.426831771,0.373766451,0.161504472,0.267635809,0.532962412,0.161504472,0.161504472,0.002308345,0.002308345,0.05537383,0.108439151,0.108439151,,,,,,,,,,,,,,,,,,,,,,,,,,,,,,,,,,,,,,,,,,,,,,,
CAL 1974,0.010492441,0.010492441,0.010492441,0.010492441,0.010492441,0.010492441,0.010492441,0.010492441,0.010492441,0.010492441,0.010492441,0.010492441,0.010492441,0.010492441,0.010492441,0.010492441,0.010492441,0.010492441,0.010492441,0.010492441,0.010492441,0.010492441,0.010492441,0.010492441,0.104342098,0.404663476,1.887497718,4.909466747,8.325613448,9.752136593,11.57278466,11.34756138,10.48415974,9.151491937,6.598767974,5.28486702,4.214977298,3.802032778,3.520487848,2.619520865,2.375509633,1.925031415,1.71856443,1.17423087,0.817603776,0.723752653,0.780063749,0.554823585,0.367123449,0.367123449,0.160653299,0.104342098,0.104342098,0.085572189,,,,,,,,,,,,,,,,,,,,,,,,,,,,,,,,,,,,,,,,,,,,,,,
CAL 1975,0.010492441,0.010492441,0.010492441,0.010492441,0.010492441,0.010492441,0.010492441,0.010492441,0.010492441,0.010492441,0.010492441,0.010492441,0.010492441,0.010492441,0.010492441,0.010492441,0.010492441,0.046413297,0.046413297,0.100294091,0.109274962,0.208056735,0.172135994,0.226016577,0.208056735,0.360720145,1.330579081,4.285054969,8.703302875,11.25367439,11.78355568,10.46342021,9.861752291,8.442877243,7.320358061,6.61990837,4.509560915,3.566640161,3.072731299,2.372281608,1.788568258,1.465280539,1.429360854,1.159957938,0.935450937,0.90850959,0.531342343,0.459501917,0.468481311,0.261937318,0.261937318,0.217036128,0.163155545,0.199076286,,,,,,,,,,,,,,,,,,,,,,,,,,,,,,,,,,,,,,,,,,,,,,,
CAL 1976,0.010492441,0.010492441,0.010492441,0.010492441,0.010492441,0.010492441,0.010492441,0.010492441,0.010492441,0.010492441,0.010492441,0.010492441,0.010492441,0.010492441,0.010492441,0.010492441,0.010492441,0.010492441,0.010492441,0.010492441,0.010492441,0.010492441,0.03164519,0.03164519,0.088052599,0.454698912,1.505282726,4.755745262,8.196587405,9.86059189,10.74900545,9.642014538,9.35998435,8.083764781,7.399834981,6.398609351,5.383279574,4.586527149,3.747472833,2.964814006,2.450102319,1.843729502,1.505282726,1.258497081,1.12453406,0.842497542,0.687378301,0.609818153,0.39829182,0.468800949,0.186764431,0.278426616,0.116256357,0.250222542,,,,,,,,,,,,,,,,,,,,,,,,,,,,,,,,,,,,,,,,,,,,,,,
CAL 1977,0.01369809,0.01369809,0.01369809,0.01369809,0.01369809,0.01369809,0.01369809,0.01369809,0.01369809,0.01369809,0.01369809,0.01369809,0.01369809,0.01369809,0.01369809,0.01369809,0.01369809,0.01369809,0.01369809,0.01369809,0.01369809,0.01369809,0.03452897,0.064544461,0.260084725,0.581283061,1.722046242,6.366170961,11.0953967,13.36090009,13.12406584,12.72724754,11.98920277,11.31054657,9.492440473,8.119416611,7.003975037,5.689171774,4.58086642,3.774289178,3.200858931,2.856364285,2.175421672,1.808309603,1.399527404,1.053681895,0.944600957,0.770559175,0.527532593,0.347439712,0.350800164,0.221783544,0.211033028,0.25515869,,,,,,,,,,,,,,,,,,,,,,,,,,,,,,,,,,,,,,,,,,,,,,,
CAL 1978,0.010492441,0.010492441,0.010492441,0.010492441,0.010492441,0.010492441,0.010492441,0.010492441,0.010492441,0.010492441,0.010492441,0.010492441,0.010492441,0.010492441,0.010492441,0.010492441,0.010492441,0.010492441,0.010492441,0.010492441,0.010492441,0.010492441,0.010492441,0.010492441,0.023339356,0.222460476,1.05748398,5.406055081,9.741777377,11.4246753,11.12919501,10.43548619,9.825273504,9.215060814,7.583547557,6.536549382,4.956420791,4.166356496,2.727543649,2.277909359,1.63558521,1.224497332,1.128141852,0.8647899,0.697783933,0.633551518,0.485815592,0.485815592,0.389466443,0.273847252,0.20319149,0.158228061,0.13895802,0.190344796,,,,,,,,,,,,,,,,,,,,,,,,,,,,,,,,,,,,,,,,,,,,,,,
CAL 1979,0.010492441,0.010492441,0.010492441,0.010492441,0.010492441,0.010492441,0.010492441,0.010492441,0.010492441,0.010492441,0.010492441,0.010492441,0.010492441,0.010492441,0.010492441,0.010492441,0.010492441,0.010492441,0.010492441,0.010492441,0.010492441,0.010492441,0.010492441,0.062141478,0.131006108,0.406465262,2.016186188,6.52684421,10.76208633,12.6213652,11.98441055,10.96863771,9.462215678,7.861104927,6.328858701,4.908517328,4.478103499,3.359054971,2.670399174,2.360508812,1.852632942,1.551350646,1.043467391,0.81104751,0.724966854,0.570020619,0.294560409,0.328992672,0.294560409,0.294560409,0.260127092,0.122398043,0.079357504,0.113789977,,,,,,,,,,,,,,,,,,,,,,,,,,,,,,,,,,,,,,,,,,,,,,,
CAL 1980,0.010492441,0.010492441,0.010492441,0.010492441,0.010492441,0.010492441,0.010492441,0.010492441,0.010492441,0.010492441,0.010492441,0.010492441,0.010492441,0.010492441,0.010492441,0.010492441,0.010492441,0.010492441,0.010492441,0.010492441,0.010492441,0.010492441,0.010492441,0.070401107,0.070401107,0.465800785,2.179190882,8.31386175,10.72221073,11.21348232,10.19499836,9.092680705,8.229985856,7.307393217,6.408757585,5.41427283,4.515637197,3.688893681,3.245567753,2.682425148,2.358915898,1.735864954,1.568123715,1.136781565,0.981015664,0.969035051,0.645526857,0.585617463,0.429854727,0.35796472,0.262109268,0.226164265,0.094364864,0.082383513,,,,,,,,,,,,,,,,,,,,,,,,,,,,,,,,,,,,,,,,,,,,,,,
CAL 1981,0.010492441,0.010492441,0.010492441,0.010492441,0.010492441,0.010492441,0.010492441,0.010492441,0.010492441,0.010492441,0.010492441,0.010492441,0.010492441,0.010492441,0.010492441,0.010492441,0.010492441,0.010492441,0.010492441,0.010492441,0.010492441,0.010492441,0.010492441,0.010492441,0.027459729,0.332867356,1.418759008,5.456922841,8.358294559,9.596885489,9.257552589,10.36040825,8.765500368,8.358294559,7.272401853,6.407080278,4.659474175,4.421929542,3.862014961,2.759159301,2.368916445,2.029572996,2.114408859,1.622367187,1.469658416,1.181224923,0.892780882,0.63827435,0.468603681,0.366800646,0.214097149,0.248031494,0.146228459,0.163196687,,,,,,,,,,,,,,,,,,,,,,,,,,,,,,,,,,,,,,,,,,,,,,,
CAL 1982,0.010492441,0.010492441,0.010492441,0.010492441,0.010492441,0.010492441,0.010492441,0.010492441,0.010492441,0.010492441,0.010492441,0.010492441,0.010492441,0.010492441,0.010492441,0.010492441,0.010492441,0.010492441,0.010492441,0.010492441,0.028297011,0.010492441,0.046102732,0.010492441,0.099516623,0.491225171,2.271717038,5.957340498,8.503439626,10.19490342,11.51244381,10.12368644,9.393688724,8.930762569,6.598314363,6.313435917,5.138308374,3.60708541,3.161966136,2.50318539,2.058055566,1.417081701,1.007567749,1.185613349,0.829518984,0.900738068,0.704884533,0.847323755,0.4734204,0.38439549,0.366590719,0.081711957,0.063907397,0.063907397,,,,,,,,,,,,,,,,,,,,,,,,,,,,,,,,,,,,,,,,,,,,,,,
CAL 1983,0.010492441,0.010492441,0.010492441,0.010492441,0.010492441,0.010492441,0.010492441,0.010492441,0.010492441,0.010492441,0.010492441,0.010492441,0.010492441,0.010492441,0.010492441,0.010492441,0.010492441,0.010492441,0.010492441,0.010492441,0.010492441,0.010492441,0.010492441,0.030905487,0.153386024,1.031158701,2.174306648,5.562909649,7.828793034,8.910698181,9.155658832,8.992348215,7.706307434,7.6246574,6.930600464,6.461102219,5.54249714,4.685140136,3.378686846,3.84819564,2.888765544,2.419267299,1.725210363,1.480249712,1.337362153,1.174051535,0.990331575,0.867852304,0.745371978,0.561652017,0.459585255,0.275865294,0.112558897,0.194212096,,,,,,,,,,,,,,,,,,,,,,,,,,,,,,,,,,,,,,,,,,,,,,,
CAL 1984,0.010492441,0.010492441,0.010492441,0.010492441,0.010492441,0.010492441,0.010492441,0.010492441,0.010492441,0.010492441,0.010492441,0.010492441,0.010492441,0.010492441,0.010492441,0.010492441,0.010492441,0.010492441,0.010492441,0.010492441,0.010492441,0.010492441,0.02614816,0.073115496,0.13573738,0.417540762,2.264912868,6.241459408,9.623078904,9.857922968,10.15537594,9.10644728,8.77767403,7.822685105,7.086864282,6.053590486,5.051626419,4.534984246,3.564329908,3.063353149,2.170973133,2.186627997,1.356877988,1.169009066,0.996800283,0.761965713,0.652376387,0.527130088,0.511474168,0.339261166,0.198361057,0.182705137,0.073115496,0.276639598,,,,,,,,,,,,,,,,,,,,,,,,,,,,,,,,,,,,,,,,,,,,,,,
CAL 1985,0.010492441,0.010492441,0.010492441,0.010492441,0.010492441,0.010492441,0.010492441,0.010492441,0.010492441,0.010492441,0.010492441,0.010492441,0.010492441,0.010492441,0.010492441,0.010492441,0.010492441,0.010492441,0.010492441,0.010492441,0.010492441,0.010492441,0.010492441,0.010492441,0.050341677,0.448838887,3.836064175,9.853386855,9.654135454,9.813532355,9.255632653,9.136090251,7.502245643,6.147350887,6.266903837,4.792466679,4.314265427,3.557124873,3.437571922,3.198476571,2.321783066,1.763883364,1.883425765,1.724028864,1.644330413,0.927036975,0.807488244,0.528538393,0.568388673,0.408989662,0.369139382,0.329290157,0.369139382,0.329290157,,,,,,,,,,,,,,,,,,,,,,,,,,,,,,,,,,,,,,,,,,,,,,,
CAL 1986,0.010492441,0.010492441,0.010492441,0.010492441,0.010492441,0.010492441,0.010492441,0.010492441,0.010492441,0.010492441,0.010492441,0.010492441,0.010492441,0.010492441,0.010492441,0.010492441,0.010492441,0.010492441,0.010492441,0.010492441,0.010492441,0.010492441,0.010492441,0.069189226,0.102730406,0.614229787,1.922320297,5.720840225,8.680822743,10.03084382,10.232089,10.5842285,9.536112123,8.756291004,7.758451635,6.383270959,4.731376841,4.11086823,3.381355769,2.450598126,1.796543377,1.737848185,1.444372223,1.184421301,0.932868517,0.857401311,0.530377101,0.471680853,0.379442688,0.312360961,0.186581932,0.136270109,0.127885684,0.085959341,,,,,,,,,,,,,,,,,,,,,,,,,,,,,,,,,,,,,,,,,,,,,,,
CAL 1987,0.010492441,0.010492441,0.010492441,0.010492441,0.010492441,0.010492441,0.010492441,0.010492441,0.010492441,0.010492441,0.010492441,0.010492441,0.010492441,0.010492441,0.010492441,0.010492441,0.010492441,0.010492441,0.010492441,0.010492441,0.010492441,0.010492441,0.010492441,0.010492441,0.100566891,0.152038904,2.352438751,6.714639288,9.661372137,10.65216471,10.75512392,9.442625999,8.91504441,8.117237075,6.534492308,5.788154032,4.900278481,4.334087186,3.58774891,2.789952124,2.391048457,1.902066025,1.052787521,1.284405671,0.872638431,0.679620493,0.705356077,0.447999179,0.319320202,0.254981241,0.113434472,0.152038904,0.100566891,0.164906696,,,,,,,,,,,,,,,,,,,,,,,,,,,,,,,,,,,,,,,,,,,,,,,
CAL 1988,0.010492441,0.010492441,0.010492441,0.010492441,0.010492441,0.010492441,0.010492441,0.010492441,0.010492441,0.010492441,0.010492441,0.010492441,0.010492441,0.010492441,0.010492441,0.010492441,0.010492441,0.010492441,0.010492441,0.010492441,0.010492441,0.010492441,0.010492441,0.060663127,0.094110947,0.445309158,2.53577156,8.15492901,11.48290633,11.44946569,11.43279811,11.13172679,9.693504695,7.703385333,5.76343749,4.174690285,3.489019883,2.95386404,2.903692521,1.933713325,1.682866276,1.465449325,1.365106286,1.13097956,0.846677095,0.796505576,0.562373576,0.528926599,0.411861127,0.495479623,0.161005639,0.144281096,0.094110947,0.161005639,,,,,,,,,,,,,,,,,,,,,,,,,,,,,,,,,,,,,,,,,,,,,,,
CAL 1989,0.010492441,0.010492441,0.010492441,0.010492441,0.010492441,0.010492441,0.010492441,0.010492441,0.010492441,0.010492441,0.010492441,0.010492441,0.010492441,0.010492441,0.010492441,0.010492441,0.010492441,0.010492441,0.010492441,0.010492441,0.010492441,0.010492441,0.010492441,0.062968316,0.194156186,0.509007789,1.637230869,5.861491375,9.74466783,10.5842285,8.983771797,8.485252978,7.750603105,6.727329856,5.992679983,6.46495264,5.153077114,4.39218108,4.654558295,3.631285046,3.237729772,2.608022346,1.374853654,1.348618042,1.13871205,1.13871205,1.033761164,0.745147283,0.53524551,0.482771122,0.220393907,0.246631629,0.141680742,0.167918464,,,,,,,,,,,,,,,,,,,,,,,,,,,,,,,,,,,,,,,,,,,,,,,
CAL 1990,0.007344728,0.007344728,0.007344728,0.007344728,0.007344728,0.007344728,0.007344728,0.007344728,0.007344728,0.007344728,0.007344728,0.007344728,0.007344728,0.007344728,0.007344728,0.007344728,0.007344728,0.007344728,0.007344728,0.007344728,0.007344728,0.007344728,0.007344728,0.007344728,0.007344728,0.007344728,0.164956934,0.742869634,3.790038168,5.050937529,6.679594281,7.940508411,5.73391976,5.83899963,4.473020399,4.683172754,4.735712688,3.737498233,2.949436132,2.896903581,3.001976067,2.108841481,2.056301546,0.585255737,1.425851865,1.32077938,1.005554539,0.953014605,0.480181775,0.322569355,0.270031635,0.270031635,0.112419953,0.322569355,,,,,,,,,,,,,,,,,,,,,,,,,,,,,,,,,,,,,,,,,,,,,,,
CAL 1991,0.010807215,0.010807215,0.010807215,0.010807215,0.010807215,0.010807215,0.010807215,0.010807215,0.010807215,0.010807215,0.010807215,0.010807215,0.010807215,0.010807215,0.010807215,0.010807215,0.010807215,0.010807215,0.010807215,0.010807215,0.010807215,0.010807215,0.010807215,0.042044271,0.135754669,0.791727245,1.827930987,6.750645247,9.187380834,10.56128312,10.70587853,10.60569032,10.92643815,9.339992453,9.146096064,7.226552661,5.841050816,4.033970485,2.701759915,2.127566351,1.731812283,0.982164023,0.752197833,0.866460798,0.537041783,0.529153669,0.270410907,0.348760079,0.134091667,0.104517307,0.101480723,0.027634571,0.050114191,0.019564643,,,,,,,,,,,,,,,,,,,,,,,,,,,,,,,,,,,,,,,,,,,,,,,
CAL 1992,0.001034634,0.001034634,0.001034634,0.001034634,0.001034634,0.001034634,0.001034634,0.001034634,0.020333297,0.009371658,0.037007307,0.042719815,0.017708686,0.017708686,0.001034634,0.001034634,0.020611584,0.020611584,0.166849224,0.081317057,0.187024219,0.10795324,0.037378884,0.061338792,0.114962859,0.062466418,0.081908572,0.178899431,0.233043414,0.331547232,0.49196586,0.536924008,0.840546268,0.722234362,0.831075925,0.693950567,0.850072521,0.506718284,0.529424589,0.556646211,0.417812284,0.24199916,0.293608403,0.208306651,0.213972591,0.183700433,0.083056382,0.108633715,0.073541813,0.061012613,0.051836692,0.039509571,0.006104771,0.018448371,,,,,,,,,,,,,,,,,,,,,,,,,,,,,,,,,,,,,,,,,,,,,,,
CAL 1993,0.001264392,0.001264392,0.001264392,0.001264392,0.001264392,0.001264392,0.001264392,0.001264392,0.001264392,0.001264392,0.024108768,0.154512542,0.550241429,0.398649103,0.339786653,0.3720986,0.205573655,0.11481623,0.101235321,0.083049608,0.253144457,0.594164455,1.005150206,0.850033884,0.523812317,0.511178784,0.598784775,0.354936105,0.395356082,0.380978849,0.370848916,0.408611823,0.299614736,0.272500908,0.277960318,0.309111439,0.275424851,0.382895929,0.299733333,0.345445712,0.290502032,0.291325389,0.241804513,0.165647976,0.141888548,0.114793611,0.093899947,0.088558064,0.049938101,0.060206115,0.035690913,0.027392461,0.007369116,0.036775117,,,,,,,,,,,,,,,,,,,,,,,,,,,,,,,,,,,,,,,,,,,,,,,
CAL 1994,0.000818069,0.000818069,0.000818069,0.000818069,0.000818069,0.000818069,0.000818069,0.000818069,0.000818069,0.000818069,0.000818069,0.000818069,0.000818069,0.000818069,0.000818069,0.000818069,0.001337172,0.000818069,0.001337172,0.000818069,0.003413454,0.004797644,0.012200628,0.28604703,0.158643086,0.219321429,0.28195244,0.382009129,0.686679413,0.669558484,0.652680374,0.628935877,0.57113076,0.573375831,0.502303464,0.433796244,0.41431396,0.303936018,0.245466546,0.205499002,0.173781791,0.17233203,0.126775247,0.135938799,0.102737729,0.067557593,0.050193813,0.037658385,0.051531427,0.014313916,0.00497064,0.010865838,0.009475667,0.013275804,,,,,,,,,,,,,,,,,,,,,,,,,,,,,,,,,,,,,,,,,,,,,,,
CAL 1995,0.001540199,0.001540199,0.001540199,0.001540199,0.001540199,0.001540199,0.001540199,0.001540199,0.001540199,0.001540199,0.001540199,0.001540199,0.001540199,0.001540199,0.001540199,0.001540199,0.001540199,0.001540199,0.001540199,0.001540199,0.003407278,0.012742611,0.016476735,0.02088785,0.023945038,0.084423495,0.527260229,0.625720411,0.998967611,1.313171173,1.164391542,1.350968776,1.184654374,1.189008237,1.162779303,1.078747942,0.953371892,0.9558483,0.674895102,0.550873758,0.455350555,0.250212511,0.196410932,0.170879585,0.121885274,0.084616016,0.077765671,0.059458295,0.051975894,0.036180157,0.025280578,0.015632595,0.014625368,0.001540199,,,,,,,,,,,,,,,,,,,,,,,,,,,,,,,,,,,,,,,,,,,,,,,
CAL 1996,0.002525735,0.002525735,0.002525735,0.002525735,0.002525735,0.002525735,0.002525735,0.002525735,0.002525735,0.002525735,0.002525735,0.002525735,0.002525735,0.002525735,0.002525735,0.002525735,0.002525735,0.002525735,0.002525735,0.004115451,0.004493876,0.012940093,0.017519589,0.03165284,0.088070666,0.255425237,0.445395261,1.01744608,1.521776721,1.944889653,2.142096934,2.332443862,2.423111342,2.365442252,1.997370302,1.706146647,1.449132415,1.372708408,0.931814129,0.685062618,0.588614857,0.528719389,0.271233394,0.232518473,0.218395143,0.177312979,0.149478153,0.129578614,0.108459673,0.065556777,0.030870623,0.037369909,0.014860701,0.043724181,,,,,,,,,,,,,,,,,,,,,,,,,,,,,,,,,,,,,,,,,,,,,,,
CAL 1997,0.011146532,0.110193998,0.011146532,0.011146532,0.011146532,0.011146532,0.011146532,0.011146532,0.011146532,0.011146532,0.011146532,0.011146532,0.011146532,0.011146532,0.011146532,0.011146532,0.011146532,0.011146532,0.011146532,0.013975229,0.016623443,0.335817633,0.188921904,0.32776942,0.923879518,2.727051927,3.449580027,5.287304424,6.768525913,8.146480575,9.188874725,9.930651604,9.838640418,8.650010275,8.713797547,7.773166889,6.115873202,5.113671296,4.218299152,3.045300951,2.582892267,1.851846667,1.633704324,1.08747361,1.001205073,0.677241168,0.516430783,0.395937834,0.269860148,0.262168661,0.246723425,0.14479866,0.135023252,0.176865284,,,,,,,,,,,,,,,,,,,,,,,,,,,,,,,,,,,,,,,,,,,,,,,
CAL 1998,0.01587578,0.01587578,0.01587578,0.023335834,0.01587578,0.01587578,0.01587578,0.01587578,0.01587578,0.077788384,0.054452135,0.126842283,0.178276978,0.254517719,0.220392684,0.246550342,0.366962391,0.65462275,0.839623643,0.923450058,1.592564964,2.210107968,2.180240639,3.609435434,4.445265877,6.171012165,7.342303171,8.900213543,10.8223544,11.61364486,12.21290932,12.57254121,11.09216888,9.843611017,8.859232487,7.537517834,6.549654542,5.308523384,4.678651615,3.804112127,2.710114632,2.156499511,1.883938946,1.399353622,1.156385042,0.869752087,0.693675689,0.683839352,0.54486253,0.500152334,0.383294607,0.285118017,0.255064017,0.653142185,,,,,,,,,,,,,,,,,,,,,,,,,,,,,,,,,,,,,,,,,,,,,,,
CAL 1999,0.014867468,0.014867468,0.014867468,0.014867468,0.014867468,0.014867468,0.014867468,0.014867468,0.014867468,0.014867468,0.01938764,0.020907482,0.031030694,0.047194916,0.036004323,0.066224287,0.145926551,0.648831987,0.860456855,1.352447285,1.592648663,1.589525549,2.788966429,3.421005129,5.115563742,5.41338481,6.485906678,6.498669782,8.644170224,9.244096526,9.676417465,10.19688378,10.28904393,10.44974731,8.888973541,7.642758667,6.815603857,5.11333977,4.315430941,3.539246198,3.189289199,2.791208085,2.339994835,1.888665938,1.457654006,1.233200359,1.030156292,0.850260195,0.698050694,0.680939932,0.484976613,0.413320806,0.414458022,0.906951773,,,,,,,,,,,,,,,,,,,,,,,,,,,,,,,,,,,,,,,,,,,,,,,
CAL 2000,0.009634523,0.009634523,0.009634523,0.009634523,0.009634523,0.009634523,0.009634523,0.009634523,0.019598214,0.012142505,0.022251971,0.039674021,0.107514769,0.119708329,0.22688523,0.443801643,0.57986769,0.874352465,1.289159668,1.649345132,1.875024084,2.365397721,2.775993405,2.509860771,3.819143941,4.472631513,5.868086573,6.816895803,7.503628305,7.109984007,6.303642134,5.830587814,4.695612507,4.720321993,4.04891343,3.397540848,3.101289969,2.512163411,1.904012723,1.624150737,1.398472,1.125051836,0.984718599,0.857963412,0.630002287,0.571765935,0.544912784,0.414383929,0.452798585,0.257999812,0.216559651,0.162349102,0.1496516,0.382592011,,,,,,,,,,,,,,,,,,,,,,,,,,,,,,,,,,,,,,,,,,,,,,,
CAL 2001,0.011244851,0.011244851,0.011244851,0.011244851,0.011244851,0.011244851,0.011244851,0.011244851,0.011244851,0.011244851,0.011244851,0.018572123,0.014901574,0.024774842,0.03747695,0.09529765,0.177647933,0.387291072,0.661217136,1.401507235,2.299197858,3.032916295,3.569404532,4.710607868,4.965981358,5.889595671,6.269139484,7.146986232,8.518214203,7.744713799,7.281634718,6.648618073,6.204583189,5.035750841,4.551603555,3.892979665,3.680674211,2.991190409,2.493656209,2.036993435,1.875602678,1.664983004,1.437247154,1.341739138,1.065415311,0.939905295,0.68999166,0.581821754,0.371346747,0.283757104,0.201599845,0.218096852,0.12193738,0.355441246,,,,,,,,,,,,,,,,,,,,,,,,,,,,,,,,,,,,,,,,,,,,,,,
CAL 2002,0.011313769,0.011313769,0.011313769,0.011313769,0.011313769,0.032601711,0.117628575,0.219585251,0.113395831,0.066587292,0.019778938,0.053889408,0.018463758,0.047112479,0.164201053,0.151081334,0.302090195,0.30656876,0.696725399,0.977817703,1.717168941,2.414587814,4.057034558,4.334818207,4.618886372,5.369933958,5.43948249,6.095483122,5.918087426,6.01780286,5.523032803,5.760561118,5.118455178,5.48165719,6.155915145,5.637571532,5.982126093,4.908924352,3.713549779,2.876743747,2.43624217,2.16813329,1.632039691,1.470537466,1.140036949,0.869248169,0.832508797,0.588089044,0.454040951,0.423107482,0.303497251,0.221460037,0.163897367,0.559873551,,,,,,,,,,,,,,,,,,,,,,,,,,,,,,,,,,,,,,,,,,,,,,,
CAL 2003,0.010086641,0.010086641,0.010086641,0.010086641,0.010086641,0.010086641,0.010086641,0.010086641,0.013757213,0.041003506,0.073336562,0.076587795,0.162511772,0.300539671,0.251625598,0.283394573,0.502116575,0.595921859,0.750537564,1.384414705,1.899766276,2.436133924,2.770951267,2.987021132,3.190126526,4.353449874,5.195627537,6.034720164,6.401847646,6.561167973,6.037887649,5.551942426,5.015883848,4.555835295,3.94480168,3.77209704,3.242909533,3.029848967,3.089575479,2.664172748,2.966241708,2.053722657,1.703856784,1.352075,1.393776757,1.073706158,0.8498154,0.669935848,0.60102915,0.374623644,0.250344565,0.208524864,0.219142919,0.442096665,,,,,,,,,,,,,,,,,,,,,,,,,,,,,,,,,,,,,,,,,,,,,,,
CAL 2004,0.010316795,0.010316795,0.010316795,0.010316795,0.010316795,0.010316795,0.010316795,0.011377736,0.01986175,0.075184918,0.105501626,0.15818086,0.293804057,0.341011871,0.478429997,0.645889761,0.502345314,0.584780895,0.691467577,0.706458351,0.80458391,1.07659688,1.25670415,1.43246795,2.195778489,2.745920786,3.493812375,4.741281433,5.359418854,6.684064636,7.795501748,7.261754875,6.675587954,6.548039448,5.805896122,5.668660847,4.911055466,4.216078506,3.577140108,2.673074367,2.237121561,2.081661301,1.648929314,1.685734692,1.248837118,1.01632317,0.943249262,0.783341839,0.599823375,0.504748213,0.361733136,0.410828068,0.217236169,0.375542931,,,,,,,,,,,,,,,,,,,,,,,,,,,,,,,,,,,,,,,,,,,,,,,
CAL 2005,0.009937634,0.009937634,0.009937634,0.009937634,0.009937634,0.009937634,0.009937634,0.009937634,0.009937634,0.013349276,0.009937634,0.009937634,0.019183239,0.021605496,0.057713498,0.078091518,0.159603398,0.14691273,0.287289777,0.52495654,0.78285274,1.290101219,1.723723935,1.936056217,2.371921075,2.698651867,2.993875269,3.480635901,4.034441035,4.75349966,4.974851633,5.058872377,5.067003647,5.070673467,5.02003278,5.443344183,5.59659423,5.381527365,4.92989046,4.28833636,4.051222686,3.646732842,2.621679714,1.831685682,1.727785656,1.59815783,1.255416324,0.950815839,0.866071587,0.631502282,0.554890416,0.514563028,0.349950633,0.997593414,,,,,,,,,,,,,,,,,,,,,,,,,,,,,,,,,,,,,,,,,,,,,,,
CAL 2006,0.01489496,0.01489496,0.01489496,0.01489496,0.01489496,0.017632569,0.020370143,0.027409619,0.035924712,0.03330256,0.04628482,0.065143825,0.103951326,0.148490538,0.158501213,0.254135138,0.40076633,0.422559058,0.44774914,0.410845238,0.504191238,0.742079463,1.174229915,1.91179576,2.863610299,4.411301433,5.988631934,7.885059438,9.169293494,9.830977593,9.314504728,8.885739469,8.359078675,7.902787162,7.455499132,7.131083344,6.934696515,6.197450297,6.016361858,5.227407629,4.501146247,4.145165103,3.380841141,3.580773188,2.529951724,2.526517501,1.856968276,1.530063447,1.332008325,0.992920457,0.741455977,0.607431082,0.477486434,0.977896679,,,,,,,,,,,,,,,,,,,,,,,,,,,,,,,,,,,,,,,,,,,,,,,
CAL 2007,0.006630065,0.002116854,0.002116854,0.002116854,0.002116854,0.002116854,0.002116854,0.002116854,0.002116854,0.002116854,0.002116854,0.002116854,0.002116854,0.002116854,0.002116854,0.002116854,0.011143212,0.006630065,0.00324909,0.019069206,0.015704275,0.031365986,0.058195324,0.213141194,0.40087119,0.592494887,0.909951834,1.318365741,1.727468434,1.667124947,1.99333539,1.531920634,1.635552841,1.43774075,0.866827444,0.959793925,1.043356289,0.946209849,0.684284158,0.603978855,0.469286142,0.452394505,0.329113699,0.24721252,0.257793333,0.155950992,0.103132158,0.070426065,0.070169431,0.069524964,0.04212818,0.059812898,0.079890234,0.159856463,,,,,,,,,,,,,,,,,,,,,,,,,,,,,,,,,,,,,,,,,,,,,,,
CAL 2008,0.004374587,0.004374587,0.004374587,0.004374587,0.004374587,0.004374587,0.004374587,0.004374587,0.004374587,0.004374587,0.004374587,0.004374587,0.006266626,0.023802666,0.045965047,0.045122905,0.055739827,0.043441745,0.182239311,0.199767869,0.261776237,0.409985022,0.484676947,0.490661148,0.458312088,0.705931299,0.734120784,1.01900104,1.748557785,1.619012367,2.145344123,2.31890758,2.620410524,2.335373918,2.338398026,2.77524161,2.364707569,2.14397871,1.711982013,1.944352695,1.516104592,0.937258395,1.075511502,0.790029433,0.938301431,0.643341038,0.755596642,0.658258933,0.957020778,0.732452945,0.662782754,0.777549082,0.509525286,1.742789499,,,,,,,,,,,,,,,,,,,,,,,,,,,,,,,,,,,,,,,,,,,,,,,
CAL 2009,0.001851576,0.001851576,0.001851576,0.001851576,0.001851576,0.001851576,0.001851576,0.001851576,0.001851576,0.001851576,0.001851576,0.002618156,0.001851576,0.001851576,0.017218998,0.027644071,0.142413876,0.225113976,0.244484517,0.206909057,0.277755063,0.362898569,0.569608167,0.309694919,0.57121486,0.477769829,0.554757978,1.010853167,0.907556532,0.902568032,1.046690441,1.30347953,1.112126418,1.426988399,1.30616784,1.141866607,0.766133866,0.74029892,0.739443327,0.557533962,0.278864969,0.279462296,0.265419984,0.193099368,0.096053805,0.119550623,0.053799106,0.046768326,0.040987782,0.02399315,0.031019632,0.032853686,0.065705295,0.112294893,,,,,,,,,,,,,,,,,,,,,,,,,,,,,,,,,,,,,,,,,,,,,,,
CAL 2010,0.008720986,0.008720986,0.008720986,0.008720986,0.008720986,0.008720986,0.008720986,0.008720986,0.009494946,0.008720986,0.008720986,0.008720986,0.008720986,0.043660078,0.021045193,0.03080853,0.056523757,0.108801585,0.16180405,0.122818485,0.322867559,0.572980992,0.871289504,1.338518315,1.948377298,2.476629463,3.070848194,4.263699304,4.823691072,5.74547227,6.031504326,5.720077711,5.668137168,5.033684518,4.542698837,3.638621713,3.7254127,3.755565194,3.164583837,2.73573833,2.785276452,1.928662788,2.113863082,1.378879674,1.094188958,1.107489442,0.912258409,0.91161277,1.037435109,0.787017766,0.613853925,0.529724153,0.614753312,1.755758208,,,,,,,,,,,,,,,,,,,,,,,,,,,,,,,,,,,,,,,,,,,,,,,
CAL 2011,0.00800345,0.00800345,0.00800345,0.00800345,0.00800345,0.00800345,0.00800345,0.00800345,0.00800345,0.00800345,0.035465276,0.00800345,0.145312591,0.035465276,0.33754607,0.282622219,0.289013732,0.303437007,0.179486398,0.194105185,0.238228524,0.41137434,0.750306414,1.020015518,1.591217788,1.994525252,2.365951095,3.430702677,4.28844237,5.622057495,5.309603912,5.842747518,5.640343268,4.429286592,4.813498221,2.782865404,2.274539666,2.93893963,2.958409925,2.009114149,2.120217401,2.10188063,2.525932808,1.369649324,1.335356022,1.388582998,1.258221184,0.842253605,1.107518503,0.639193806,0.439558401,0.493502605,0.368002837,1.874162292,,,,,,,,,,,,,,,,,,,,,,,,,,,,,,,,,,,,,,,,,,,,,,,
CAL 2012,0.010432699,0.010432699,0.010432699,0.010432699,0.010432699,0.010432699,0.010432699,0.022420209,0.010432699,0.010432699,0.046395091,0.10139982,0.034407622,0.111799352,0.076540897,0.153546175,0.320821288,0.199815039,0.21662696,0.591670545,0.843378093,0.706781119,0.874237956,1.106289258,1.435844844,2.289974906,3.571947041,6.029780884,6.248268677,6.406874785,6.752291383,7.125075762,6.703961045,6.939021928,6.162203677,5.282962674,4.438438248,3.486924148,2.851605938,2.856043547,2.382500408,2.25810821,2.092705554,2.30281283,1.949750051,1.676618948,1.337026504,1.187851268,0.967300923,0.965586722,0.742898685,0.553480762,0.333622522,2.058861267,,,,,,,,,,,,,,,,,,,,,,,,,,,,,,,,,,,,,,,,,,,,,,,
CAL 2013,0.007740017,0.007740017,0.007740017,0.007740017,0.007740017,0.007740017,0.00988305,0.007740017,0.007740017,0.007740017,0.00988305,0.027548527,0.018074413,0.018074413,0.107093834,0.097760345,0.145860826,0.118925372,0.305317796,0.256832006,0.358414573,0.405378761,0.521368673,1.145847243,2.17202979,3.721170325,4.651062005,5.58816122,6.292202389,6.172613869,4.653659262,4.493505887,4.401030908,3.936781825,3.619358307,3.406879731,2.753330987,2.76021099,2.518876104,2.075990871,1.520037187,1.064637724,1.3258684,1.199278249,0.880262111,0.699212787,0.831796527,0.712452082,0.668256399,0.485324881,0.369607932,0.258248751,0.254581533,0.715783265,,,,,,,,,,,,,,,,,,,,,,,,,,,,,,,,,,,,,,,,,,,,,,,
CAL 2014,0.011844434,0.010534242,0.010534242,0.010534242,0.010534242,0.010534242,0.010534242,0.010534242,0.010534242,0.010534242,0.010534242,0.020654033,0.035728724,0.060743151,0.099479115,0.39110078,0.542322277,0.498465757,0.368720223,0.394489381,0.637681045,0.985389896,1.869753193,3.043581568,4.609338048,6.393991387,7.513357874,9.564905514,8.617146624,6.979884412,7.108880027,6.984629986,5.667134382,4.862615723,4.07811874,3.643384973,2.996300546,2.918156047,2.739427824,1.720826624,1.817321769,1.254407036,1.278190802,1.255326465,0.836739255,0.899690774,0.651075596,0.556339981,0.368074462,0.30377007,0.304400869,0.202391512,0.178474351,0.541671828,,,,,,,,,,,,,,,,,,,,,,,,,,,,,,,,,,,,,,,,,,,,,,,
CAL 2015,0.009798833,0.012745379,0.009798833,0.009798833,0.009798833,0.009798833,0.009798833,0.013717927,0.011731361,0.014352991,0.064718277,0.059737303,0.066623569,0.123914173,0.138137964,0.190901576,0.341174841,0.662301126,1.033600831,1.404192787,1.456066984,1.079252649,1.239161569,1.676805208,2.232699095,2.837495562,4.820323596,6.414607987,6.29981045,7.678179331,7.110594911,6.496586995,6.581929564,5.330973303,5.58963959,4.048705348,3.448722861,3.825099659,2.649472893,2.250258898,1.987620283,2.072140552,1.304102961,0.735751828,0.950265153,0.792710512,0.636199997,0.607630965,0.474226121,0.390273724,0.263528211,0.158421672,0.186993926,0.694562653,,,,,,,,,,,,,,,,,,,,,,,,,,,,,,,,,,,,,,,,,,,,,,,
Units,,,,,,,,,,,,,,,,,,,,,,,,,,,,,,,,,,,,,,,,,,,,,,,,,,,,,,,,,,,,,,,,,,,,,,,,,,,,,,,,,,,,,,,,,,,,,,,,,,,,,
Reference OFL,NA,,,,,,,,,,,,,,,,,,,,,,,,,,,,,,,,,,,,,,,,,,,,,,,,,,,,,,,,,,,,,,,,,,,,,,,,,,,,,,,,,,,,,,,,,,,,,,,,,,,,
Reference OFL type,OFL in Year 2016 from SS Assessment,,,,,,,,,,,,,,,,,,,,,,,,,,,,,,,,,,,,,,,,,,,,,,,,,,,,,,,,,,,,,,,,,,,,,,,,,,,,,,,,,,,,,,,,,,,,,,,,,,,,
Cref,2765.43,,,,,,,,,,,,,,,,,,,,,,,,,,,,,,,,,,,,,,,,,,,,,,,,,,,,,,,,,,,,,,,,,,,,,,,,,,,,,,,,,,,,,,,,,,,,,,,,,,,,
Iref,1.002734029,,,,,,,,,,,,,,,,,,,,,,,,,,,,,,,,,,,,,,,,,,,,,,,,,,,,,,,,,,,,,,,,,,,,,,,,,,,,,,,,,,,,,,,,,,,,,,,,,,,,
Bref,9240.08,,,,,,,,,,,,,,,,,,,,,,,,,,,,,,,,,,,,,,,,,,,,,,,,,,,,,,,,,,,,,,,,,,,,,,,,,,,,,,,,,,,,,,,,,,,,,,,,,,,,
CV Cref,0.2,,,,,,,,,,,,,,,,,,,,,,,,,,,,,,,,,,,,,,,,,,,,,,,,,,,,,,,,,,,,,,,,,,,,,,,,,,,,,,,,,,,,,,,,,,,,,,,,,,,,
CV Iref,0.2,,,,,,,,,,,,,,,,,,,,,,,,,,,,,,,,,,,,,,,,,,,,,,,,,,,,,,,,,,,,,,,,,,,,,,,,,,,,,,,,,,,,,,,,,,,,,,,,,,,,
CV Bref,0.2,,,,,,,,,,,,,,,,,,,,,,,,,,,,,,,,,,,,,,,,,,,,,,,,,,,,,,,,,,,,,,,,,,,,,,,,,,,,,,,,,,,,,,,,,,,,,,,,,,,,
CV Rec,0.2,,,,,,,,,,,,,,,,,,,,,,,,,,,,,,,,,,,,,,,,,,,,,,,,,,,,,,,,,,,,,,,,,,,,,,,,,,,,,,,,,,,,,,,,,,,,,,,,,,,,
MPrec,NA,,,,,,,,,,,,,,,,,,,,,,,,,,,,,,,,,,,,,,,,,,,,,,,,,,,,,,,,,,,,,,,,,,,,,,,,,,,,,,,,,,,,,,,,,,,,,,,,,,,,
MPeff,1,,,,,,,,,,,,,,,,,,,,,,,,,,,,,,,,,,,,,,,,,,,,,,,,,,,,,,,,,,,,,,,,,,,,,,,,,,,,,,,,,,,,,,,,,,,,,,,,,,,,
LHYear,2010,,,,,,,,,,,,,,,,,,,,,,,,,,,,,,,,,,,,,,,,,,,,,,,,,,,,,,,,,,,,,,,,,,,,,,,,,,,,,,,,,,,,,,,,,,,,,,,,,,,,
nareas,2,,,,,,,,,,,,,,,,,,,,,,,,,,,,,,,,,,,,,,,,,,,,,,,,,,,,,,,,,,,,,,,,,,,,,,,,,,,,,,,,,,,,,,,,,,,,,,,,,,,,
